category_id,uom_code,name,slug,description,thumbnail,price,is_active
1,kg,Bayam Hijau,bayam-hijau,Bayam hijau segar per ikat.,bayam-hijau.jpg,3000,1
1,kg,Kangkung,kangkung,Kangkung darat segar.,kangkung.jpg,3000,1
1,kg,Wortel,wortel,Wortel lokal manis segar.,wortel.jpg,12000,1
1,kg,Kentang,kentang,Kentang dieng ukuran sedang.,kentang.jpg,18000,1
1,kg,Kubis / Kol,kubis-kol,Kubis putih segar.,kubis.jpg,10000,1
1,kg,Brokoli,brokoli,Brokoli hijau segar.,brokoli.jpg,25000,1
1,kg,Kembang Kol,kembang-kol,Kembang kol putih padat.,kembang-kol.jpg,22000,1
1,kg,Tomat Merah,tomat-merah,Tomat buah segar manis.,tomat.jpg,14000,1
1,kg,Mentimun,mentimun,Timun lokal renyah.,mentimun.jpg,8000,1
1,kg,Terong Ungu,terong-ungu,Terong ungu segar.,terong-ungu.jpg,10000,1
1,kg,Sawi Hijau / Caisim,sawi-hijau,Sawi hijau untuk mie/bakso.,sawi-hijau.jpg,4000,1
1,kg,Sawi Putih,sawi-putih,Sawi putih segar.,sawi-putih.jpg,11000,1
1,kg,Daun Bawang,daun-bawang,Daun bawang segar per ikat.,daun-bawang.jpg,5000,1
1,kg,Seledri,seledri,Seledri harum segar.,seledri.jpg,5000,1
1,g,Buncis,buncis,Buncis muda manis.,buncis.jpg,14000,1
1,g,Kacang Panjang,kacang-panjang,Kacang panjang segar per ikat.,kacang-panjang.jpg,6000,1
1,g,Labu Siam,labu-siam,Labu siam manis.,labu-siam.jpg,7000,1
1,g,Pare,pare,Pare hijau segar.,pare.jpg,9000,1
1,kg,Jamur Tiram,jamur-tiram,Jamur tiram putih per pack.,jamur-tiram.jpg,8000,1
1,kg,Jamur Enoki,jamur-enoki,Jamur enoki impor per pack.,jamur-enoki.jpg,7000,1
1,g,Tauge / Kecambah,tauge,Tauge kedelai/kacang hijau segar.,tauge.jpg,4000,1
1,kg,Paprika Merah,paprika-merah,Paprika merah segar.,paprika-merah.jpg,45000,1
1,g,Paprika Hijau,paprika-hijau,Paprika hijau segar.,paprika-hijau.jpg,38000,1
1,g,Zucchini,zucchini,Zucchini hijau segar.,zucchini.jpg,28000,1
1,kg,Selada Keriting,selada-keriting,Selada hijau untuk salad.,selada.jpg,15000,1
2,kg,Pisang Cavendish,pisang-cavendish,Pisang manis kaya kalium.,pisang-cavendish.jpg,22000,1
2,kg,Apel Fuji,apel-fuji,Apel fuji mani manis dan renyah.,apel-fuji.jpg,35000,1
2,kg,Jeruk Siam,jeruk-siam,Jeruk siam manis berkulit tipis.,jeruk-siam.jpg,20000,1
2,kg,Mangga Harum Manis,mangga-harum-manis,Mangga matang pohon manis.,mangga.jpg,28000,1
2,kg,Alpukat Mentega,alpukat-mentega,Alpukat berdaging tebal.,alpukat.jpg,32000,1
2,kg,Semangka Merah Tanpa Biji,semangka-merah,Semangka segar dan manis.,semangka.jpg,10000,1
2,kg,Melon Hijau,melon-hijau,Melon manis berdaging hijau.,melon.jpg,15000,1
2,kg,Nanas Honi,nanas-honi,Nanas manis tidak gatal di lidah.,nanas.jpg,18000,1
2,kg,Anggur Red Globe,anggur-red-globe,Anggur merah manis manis.,anggur.jpg,60000,1
2,kg,Stroberi,stroberi,Stroberi manis asam per pack.,stroberi.jpg,20000,1
2,kg,Buah Naga Merah,buah-naga-merah,Buah naga manis segar.,buah-naga.jpg,22000,1
2,kg,Pepaya Calina (California),pepaya-california,Pepaya manis manis.,pepaya.jpg,9000,1
2,kg,Pear Century,pear-century,Pir renyah banyak air.,pear.jpg,26000,1
2,kg,Salak Pondoh,salak-pondoh,Salak manis dan renyah.,salak.jpg,14000,1
2,kg,Lemon Impor,lemon-impor,Lemon kuning segar.,lemon.jpg,40000,1
3,kg,Daging Sapi Render/Paha,daging-sapi-paha,Daging sapi segar cocok untuk rendang.,daging-sapi.jpg,135000,1
3,kg,Daging Sapi Giling,daging-sapi-giling,Daging sapi cincang halus.,daging-giling.jpg,14000,1
3,kg,Iga Sapi,iga-sapi,Iga sapi potong untuk sup.,iga-sapi.jpg,110000,1
3,kg,Dada Ayam Fillet,dada-ayam-fillet,Dada ayam tanpa tulang dan kulit.,dada-ayam.jpg,55000,1
3,kg,Paha Ayam,paha-ayam,Paha ayam utuh segar.,paha-ayam.jpg,45000,1
3,kg,Ayam Utuh Broiler,ayam-utuh-broiler,Ayam potong bersih ukuran 1kg.,ayam-utuh.jpg,38000,1
3,kg,Ayam Kampung Utuh,ayam-kampung-utuh,Ayam kampung asli segar.,ayam-kampung.jpg,75000,1
3,kg,Sayap Ayam,sayap-ayam,Sayap ayam segar.,sayap-ayam.jpg,40000,1
3,kg,Daging Kambing Potong,daging-kambing-potong,Daging kambing segar untuk gulai/sate.,daging-kambing.jpg,150000,1
3,kg,Daging Bebek Utuh,daging-bebek-utuh,Bebek karkas bersihan.,bebek-utuh.jpg,65000,1
3,kg,Hati Ayam,hati-ayam,Hati dan ampela ayam segar.,hati-ayam.jpg,25000,1
3,kg,Daging Sapi Slice (Shortplate),daging-sapi-slice,Daging sapi iris tipis untuk shabu/grill.,beef-slice.jpg,65000,1
4,kg,Ikan Gurame Segar,ikan-gurame-segar,Ikan gurame hidup/segar.,gurame.jpg,55000,1
4,kg,Ikan Nila Merah,ikan-nila-merah,Ikan nila segar bersihan.,nila.jpg,38000,1
4,kg,Ikan Lele Segar,ikan-lele-segar,Ikan lele segar bersihan.,lele.jpg,28000,1
4,kg,Ikan Tongkol Segar,ikan-tongkol-segar,Ikan tongkol potong/utuh.,tongkol.jpg,35000,1
4,kg,Ikan Kembung,ikan-kembung,Ikan kembung Banjar segar.,kembung.jpg,42000,1
4,kg,Ikan Bandeng,ikan-bandeng,Ikan bandeng segar.,bandeng.jpg,36000,1
4,kg,Udang Vaname Segar,udang-vaname-segar,Udang ukuran sedang segar.,udang-vaname.jpg,85000,1
4,kg,Cumi-cumi Segar,cumi-cumi-segar,Cumi sero segar manis.,cumi.jpg,90000,1
4,kg,Kerang Dara,kerang-dara,Kerang dara segar mentah.,kerang-dara.jpg,25000,1
4,kg,Fillet Ikan Salmon,fillet-ikan-salmon,Salmon Norwegia segar tanpa duri.,salmon.jpg,280000,1
4,kg,Fillet Ikan Dori / Patin,fillet-ikan-dori,Fillet dori beku tanpa tulang.,dori.jpg,40000,1
4,kg,Kepiting Bakau Segar,kepiting-bakau-segar,Kepiting hidup bertelur/jantan.,kepiting.jpg,120000,1
4,kg,Ikan Kakap Merah,ikan-kakap-merah,Ikan kakap laut segar.,kakap-merah.jpg,75000,1
5,kg,Bawang Merah Lokal,bawang-merah-lokal,Bawang merah Brebes wangi.,bawang-merah.jpg,35000,1
5,kg,Bawang Putih Kating,bawang-putih-kating,Bawang putih kating kualitas super.,bawang-putih.jpg,40000,1
5,kg,Bawang Bombay,bawang-bombay,Bawang bombay kuning manis.,bawang-bombay.jpg,25000,1
5,kg,Cabai Merah Keriting,cabai-merah-keriting,Cabai merah pedas segar.,cabai-merah.jpg,45000,1
5,kg,Cabai Rawit Merah,cabai-rawit-merah,Cabai rawit setan super pedas.,cabai-rawit.jpg,60000,1
5,kg,Cabai Hijau Besar,cabai-hijau-besar,Cabai hijau untuk masakan/sambal hijau.,cabai-hijau.jpg,30000,1
5,kg,Jahe Gajah,jahe-gajah,Jahe segar penghangat tubuh.,jahe.jpg,24000,1
5,kg,Kunyit Segar,kunyit-segar,Kunyit tua pewarna dan bumbu alami.,kunyit.jpg,15000,1
5,kg,Lengkuas / Laos,lengkuas,Lengkuas muda harum.,lengkuas.jpg,16000,1
5,kg,Kencur,kencur,Kencur wangi untuk bumbu seblak/urap.,kencur.jpg,28000,1
5,kg,Serai / Sereh,serai,Serai dapur per ikat.,serai.jpg,3000,1
5,g,Daun Jeruk Purut,daun-jeruk-purut,Daun jeruk wangi per pack.,daun-jeruk.jpg,4000,1
5,g,Daun Salam,daun-salam,Daun salam segar per pack.,daun-salam.jpg,3000,1
5,g,Ketumbar Bubuk,ketumbar-bubuk,Ketumbar murni kemasan.,ketumbar.jpg,5000,1
5,kg,Merica / Lada Putih Bubuk,merica-bubuk,Lada murni asli pedas.,merica.jpg,7000,1
6,kg,Beras Setra Ramos 5kg,beras-setra-ramos-5kg,Beras putih pulen kualitas medium super.,beras-ramos.jpg,72000,1
6,kg,Beras Merah Organik 1kg,beras-merah-organik-1kg,Beras merah kaya serat untuk diet.,beras-merah.jpg,25000,1
6,pcs,Beras Pandan Wangi 5kg,beras-pandan-wangi-5kg,Beras alami beraroma pandan.,beras-pandan.jpg,88000,1
6,kg,Kacang Tanah Kupas,kacang-tanah-kupas,Kacang tanah bersih siap olah.,kacang-tanah.jpg,32000,1
6,kg,Kacang Hijau,kacang-hijau,Kacang hijau pilihan untuk bubur.,kacang-hijau.jpg,26000,1
6,kg,Kacang Merah Kering,kacang-merah-kering,Kacang merah untuk sup/rendang.,kacang-merah.jpg,30000,1
6,kg,Kacang Kedelai Lokal,kacang-kedelai-lokal,Biji kedelai untuk susu/tempe.,kedelai.jpg,16000,1
6,g,Jagung Manis Pipil,jagung-manis-pipil,Jagung pipil manis segar.,jagung-pipil.jpg,18000,1
6,pcs,Beras Ketan Putih,beras-ketan-putih,Beras ketan mutu terbaik.,ketan-putih.jpg,18000,1
6,pcs,Beras Shirataki 250gr,beras-shirataki,Beras rendah kalori dan karbohidrat.,shirataki.jpg,45000,1
7,kg,Telur Ayam Negeri 1kg,telur-ayam-negeri-1kg,Telur ayam segar isi 16-17 butir.,telur-ayam.jpg,28000,1
7,box,Telur Ayam Kampung (Isi 10),telur-ayam-kampung,Telur ayam kampung asli kaya nutrisi.,telur-kampung.jpg,25000,1
7,box,Telur Puyuh (Isi 30),telur-puyuh,Telur puyuh mentah segar.,telur-puyuh.jpg,15000,1
7,pcs,Susu UHT Full Cream 1L,susu-uht-full-cream-1l,Susu cair UHT rasa original.,susu-uht.jpg,19000,1
7,L,Susu Evaporasi 380g,susu-evaporasi,Susu evaporasi masakan & minuman.,susu-evaporasi.jpg,16000,1
7,ml,Keju Cheddar Block 160g,keju-cheddar-block,Keju olahan siap parut.,keju-cheddar.jpg,22000,1
7,ml,Keju Mozzarella 200g,keju-mozzarella,Keju leleh berkualiatas.,mozzarella.jpg,38000,1
7,pcs,Mentega Unsalted / Unsalted Butter 200g,unsalted-butter,Mentega tawar untuk olahan kue/baking.,butter.jpg,45000,1
7,pcs,Yogurt Plain 500ml,yogurt-plain-500ml,Yogurt tawar kaya probiotik.,yogurt.jpg,30000,1
8,pcs,Minyak Goreng Sawit 2L,minyak-goreng-sawit-2l,Minyak goreng kelapa sawit ganda penyaringan.,minyak-goreng.jpg,34000,1
8,pcs,Minyak Zaitun (Extra Virgin Olive Oil) 500ml,extra-virgin-olive-oil,Minyak zaitun murni untuk salad/dressing.,evoo.jpg,95000,1
8,pcs,Minyak Wijen 110ml,minyak-wijen-110ml,Minyak wijen murni aroma harum.,minyak-wijen.jpg,28000,1
8,g,Gula Pasir Putih 1kg,gula-pasir-putih-1kg,Gula tebu murni manis alami.,gula-pasir.jpg,17500,1
8,g,Gula Jawa / Gula Merah 500g,gula-jawa-500g,Gula palma cetak asli.,gula-jawa.jpg,12000,1
8,g,Garam Dapur Beryodium 500g,garam-dapur-500g,Garam halus beryodium tinggi.,garam.jpg,4000,1
8,g,Tepung Terigu Protein Sedang 1kg,tepung-terigu-sedang-1kg,Tepung serbaguna untuk gorengan & kue.,terigu.jpg,13000,1
8,pcs,Tepung Tapioka / Sagu 500g,tepung-tapioka-500g,Tepung pati singkong kenyal.,tapioka.jpg,8000,1
8,pcs,Tepung Maizena 200g,tepung-maizena-200g,Tepung pati jagung pengental kuah.,maizena.jpg,6000,1
8,pcs,Tepung Beras 500g,tepung-beras-500g,Tepung beras putih halus.,tepung-beras.jpg,9000,1
8,ml,Kecap Manis 520ml,kecap-manis-520ml,Kecap manis kedelai hitam pilihan.,kecap-manis.jpg,24000,1
8,ml,Saus Tiram 270ml,saus-tiram-270ml,Saus tiram gurih untuk tumisan.,saus-tiram.jpg,18000,1
8,ml,Saus Sambal Botol 335ml,saus-sambal-335ml,Saus cabai pedas gurih.,saus-sambal.jpg,15000,1
8,g,Santan Kelapa Cair 200ml,santan-kelapa-cair-200ml,Santan kelapa siap pakai.,santan.jpg,4000,1
8,pcs,Margarin Multiguna 200g,margarin-multiguna-200g,Margarin untuk memasak dan roti.,margarin.jpg,8500,1
